task_id,instruction,step_count,gold_path,constant_inputs,Step,api_step,expected_status_code,required_steps,final_step,output_bindings_step,output_bindings_content,dependency_bindings_steps_from,dependency_bindings_steps_to,dependency_bindings_content,success_condition,oracle_actions_1_regenerate_data,oracle_actions_2_resolve_resource,acceptable_failure_codes
tmdb_001,give me the number of movies directed by Sofia Coppola,2,Step 1: GET /search/person -> Step 2: GET /person/{person_id}/movie_credits,manual review required for first-step query/body constants,Step 1,GET /search/person ,[2XX],Y,2,Step 1,$.results[0].id as person_id,Step 1,Step 2,person_id,all required steps executed and passed,"[400, 422]",[404],"[401, 403]"
tmdb_001,give me the number of movies directed by Sofia Coppola,2,Step 1: GET /search/person -> Step 2: GET /person/{person_id}/movie_credits,manual review required for first-step query/body constants,Step 2,GET /person/{person_id}/movie_credits,[2XX],Y,2,,,,,,all required steps executed and passed,"[400, 422]",[404],"[401, 403]"
tmdb_002,Who was the lead actor in the movie The Dark Knight?,2,Step 1: GET /search/movie -> Step 2: GET /movie/{movie_id}/credits,manual review required for first-step query/body constants,Step 1,GET /search/movie ,[2XX],Y,2,Step 1,$.results[0].id as movie_id,Step 1,Step 2,movie_id,all required steps executed and passed,"[400, 422]",[404],"[401, 403]"
tmdb_002,Who was the lead actor in the movie The Dark Knight?,2,Step 1: GET /search/movie -> Step 2: GET /movie/{movie_id}/credits,manual review required for first-step query/body constants,Step 2,GET /movie/{movie_id}/credits,[2XX],Y,2,,,,,,all required steps executed and passed,"[400, 422]",[404],"[401, 403]"
tmdb_003,Who directed the top-1 rated movie?,2,Step 1: GET /movie/top_rated -> Step 2: GET /movie/{movie_id}/credits,manual review required for first-step query/body constants,Step 1,GET /movie/top_rated ,[2XX],Y,2,Step 1,$.results[0].id as movie_id,Step 1,Step 2,movie_id,all required steps executed and passed,"[400, 422]",[404],"[401, 403]"
tmdb_003,Who directed the top-1 rated movie?,2,Step 1: GET /movie/top_rated -> Step 2: GET /movie/{movie_id}/credits,manual review required for first-step query/body constants,Step 2,GET /movie/{movie_id}/credits,[2XX],Y,2,,,,,,all required steps executed and passed,"[400, 422]",[404],"[401, 403]"
tmdb_004,give me a image for the collection Star Wars,2,Step 1: GET /search/collection -> Step 2: GET /collection/{collection_id}/images,manual review required for first-step query/body constants,Step 1,GET /search/collection ,[2XX],Y,2,Step 1,$.results[0].id as collection_id,Step 1,Step 2,collection_id,all required steps executed and passed,"[400, 422]",[404],"[401, 403]"
tmdb_004,give me a image for the collection Star Wars,2,Step 1: GET /search/collection -> Step 2: GET /collection/{collection_id}/images,manual review required for first-step query/body constants,Step 2,GET /collection/{collection_id}/images,[2XX],Y,2,,,,,,all required steps executed and passed,"[400, 422]",[404],"[401, 403]"
tmdb_005,What is the logo of the Walt Disney?,2,Step 1: GET /search/company -> Step 2: GET /company/{company_id}/images,manual review required for first-step query/body constants,Step 1,GET /search/company ,[2XX],Y,2,Step 1,$.results[0].id as company_id,Step 1,Step 2,company_id,all required steps executed and passed,"[400, 422]",[404],"[401, 403]"
tmdb_005,What is the logo of the Walt Disney?,2,Step 1: GET /search/company -> Step 2: GET /company/{company_id}/images,manual review required for first-step query/body constants,Step 2,GET /company/{company_id}/images,[2XX],Y,2,,,,,,all required steps executed and passed,"[400, 422]",[404],"[401, 403]"
tmdb_006,What dose the lead actor of Titanic look like?,3,Step 1: GET /search/movie -> Step 2: GET /movie/{movie_id}/credits -> Step 3: GET /person/{person_id}/images,manual review required for first-step query/body constants,Step 1,GET /search/movie ,[2XX],Y,3,Step 1,$.results[0].id as movie_id,Step 1,Step 2,movie_id,all required steps executed and passed,"[400, 422]",[404],"[401, 403]"
tmdb_006,What dose the lead actor of Titanic look like?,3,Step 1: GET /search/movie -> Step 2: GET /movie/{movie_id}/credits -> Step 3: GET /person/{person_id}/images,manual review required for first-step query/body constants,Step 2,GET /movie/{movie_id}/credits ,[2XX],Y,3,Step 2,$.id as person_id,Step 2,Step 3,person_id,all required steps executed and passed,"[400, 422]",[404],"[401, 403]"
tmdb_006,What dose the lead actor of Titanic look like?,3,Step 1: GET /search/movie -> Step 2: GET /movie/{movie_id}/credits -> Step 3: GET /person/{person_id}/images,manual review required for first-step query/body constants,Step 3,GET /person/{person_id}/images,[2XX],Y,3,,,,,,all required steps executed and passed,"[400, 422]",[404],"[401, 403]"
tmdb_007,give me some reviews of the first movie that is similar to Titanic,3,Step 1: GET /search/movie -> Step 2: GET /movie/{movie_id}/similar -> Step 3: GET /movie/{movie_id}/reviews,manual review required for first-step query/body constants,Step 1,GET /search/movie ,[2XX],Y,3,Step 1,$.results[0].id as movie_id,Step 1,Step 2,movie_id,all required steps executed and passed,"[400, 422]",[404],"[401, 403]"
tmdb_007,give me some reviews of the first movie that is similar to Titanic,3,Step 1: GET /search/movie -> Step 2: GET /movie/{movie_id}/similar -> Step 3: GET /movie/{movie_id}/reviews,manual review required for first-step query/body constants,Step 2,GET /movie/{movie_id}/similar ,[2XX],Y,3,Step 2,$.id as movie_id,Step 2,Step 3,movie_id,all required steps executed and passed,"[400, 422]",[404],"[401, 403]"
tmdb_007,give me some reviews of the first movie that is similar to Titanic,3,Step 1: GET /search/movie -> Step 2: GET /movie/{movie_id}/similar -> Step 3: GET /movie/{movie_id}/reviews,manual review required for first-step query/body constants,Step 3,GET /movie/{movie_id}/reviews,[2XX],Y,3,,,,,,all required steps executed and passed,"[400, 422]",[404],"[401, 403]"
tmdb_008,I just finished watching Titanic and I want some other movie recommendations,2,Step 1: GET /search/movie -> Step 2: GET /movie/{movie_id}/recommendations,manual review required for first-step query/body constants,Step 1,GET /search/movie ,[2XX],Y,2,Step 1,$.results[0].id as movie_id,Step 1,Step 2,movie_id,all required steps executed and passed,"[400, 422]",[404],"[401, 403]"
tmdb_008,I just finished watching Titanic and I want some other movie recommendations,2,Step 1: GET /search/movie -> Step 2: GET /movie/{movie_id}/recommendations,manual review required for first-step query/body constants,Step 2,GET /movie/{movie_id}/recommendations,[2XX],Y,2,,,,,,all required steps executed and passed,"[400, 422]",[404],"[401, 403]"
tmdb_009,What is the latest movie directed by Christopher Nolan?,2,Step 1: GET /search/person -> Step 2: GET /person/{person_id}/movie_credits,manual review required for first-step query/body constants,Step 1,GET /search/person ,[2XX],Y,2,Step 1,$.results[0].id as person_id,Step 1,Step 2,person_id,all required steps executed and passed,"[400, 422]",[404],"[401, 403]"
tmdb_009,What is the latest movie directed by Christopher Nolan?,2,Step 1: GET /search/person -> Step 2: GET /person/{person_id}/movie_credits,manual review required for first-step query/body constants,Step 2,GET /person/{person_id}/movie_credits,[2XX],Y,2,,,,,,all required steps executed and passed,"[400, 422]",[404],"[401, 403]"
tmdb_010,tell me the highest rated movie directed by Martin Scorsese,2,Step 1: GET /search/person -> Step 2: GET /person/{person_id}/movie_credits,manual review required for first-step query/body constants,Step 1,GET /search/person ,[2XX],Y,2,Step 1,$.results[0].id as person_id,Step 1,Step 2,person_id,all required steps executed and passed,"[400, 422]",[404],"[401, 403]"
tmdb_010,tell me the highest rated movie directed by Martin Scorsese,2,Step 1: GET /search/person -> Step 2: GET /person/{person_id}/movie_credits,manual review required for first-step query/body constants,Step 2,GET /person/{person_id}/movie_credits,[2XX],Y,2,,,,,,all required steps executed and passed,"[400, 422]",[404],"[401, 403]"
tmdb_011,Who is the director of Leonardo DiCaprio's latest movie?,3,Step 1: GET /search/person -> Step 2: GET /person/{person_id}/movie_credits -> Step 3: GET /movie/{movie_id}/credits,manual review required for first-step query/body constants,Step 1,GET /search/person ,[2XX],Y,3,Step 1,$.results[0].id as person_id,Step 1,Step 2,person_id,all required steps executed and passed,"[400, 422]",[404],"[401, 403]"
tmdb_011,Who is the director of Leonardo DiCaprio's latest movie?,3,Step 1: GET /search/person -> Step 2: GET /person/{person_id}/movie_credits -> Step 3: GET /movie/{movie_id}/credits,manual review required for first-step query/body constants,Step 2,GET /person/{person_id}/movie_credits ,[2XX],Y,3,Step 2,$.id as movie_id,Step 2,Step 3,movie_id,all required steps executed and passed,"[400, 422]",[404],"[401, 403]"
tmdb_011,Who is the director of Leonardo DiCaprio's latest movie?,3,Step 1: GET /search/person -> Step 2: GET /person/{person_id}/movie_credits -> Step 3: GET /movie/{movie_id}/credits,manual review required for first-step query/body constants,Step 3,GET /movie/{movie_id}/credits,[2XX],Y,3,,,,,,all required steps executed and passed,"[400, 422]",[404],"[401, 403]"
tmdb_012,tell me a TV show recently directed by Catherine Hardwicke,2,Step 1: GET /search/person -> Step 2: GET /person/{person_id}/tv_credits,manual review required for first-step query/body constants,Step 1,GET /search/person ,[2XX],Y,2,Step 1,$.results[0].id as person_id,Step 1,Step 2,person_id,all required steps executed and passed,"[400, 422]",[404],"[401, 403]"
tmdb_012,tell me a TV show recently directed by Catherine Hardwicke,2,Step 1: GET /search/person -> Step 2: GET /person/{person_id}/tv_credits,manual review required for first-step query/body constants,Step 2,GET /person/{person_id}/tv_credits,[2XX],Y,2,,,,,,all required steps executed and passed,"[400, 422]",[404],"[401, 403]"
tmdb_013,Please recommend me some TV shows similar to Breaking Bad,2,Step 1: GET /search/tv -> Step 2: GET /tv/{tv_id}/recommendations,manual review required for first-step query/body constants,Step 1,GET /search/tv ,[2XX],Y,2,Step 1,$.results[0].id as tv_id,Step 1,Step 2,tv_id,all required steps executed and passed,"[400, 422]",[404],"[401, 403]"
tmdb_013,Please recommend me some TV shows similar to Breaking Bad,2,Step 1: GET /search/tv -> Step 2: GET /tv/{tv_id}/recommendations,manual review required for first-step query/body constants,Step 2,GET /tv/{tv_id}/recommendations,[2XX],Y,2,,,,,,all required steps executed and passed,"[400, 422]",[404],"[401, 403]"
tmdb_014,Who is the director of today's most trending movie?,2,Step 1: GET /trending/{media_type}/{time_window} -> Step 2: GET /movie/{movie_id}/credits,"Step 1.media_type={'source': 'constant', 'value': 'movie'}; Step 1.time_window={'source': 'constant', 'value': 'day'}",Step 1,GET /trending/{media_type}/{time_window} ,[2XX],Y,2,Step 1,$.results[0].id as movie_id,Step 1,Step 2,movie_id,all required steps executed and passed,"[400, 422]",[404],"[401, 403]"
tmdb_014,Who is the director of today's most trending movie?,2,Step 1: GET /trending/{media_type}/{time_window} -> Step 2: GET /movie/{movie_id}/credits,"Step 1.media_type={'source': 'constant', 'value': 'movie'}; Step 1.time_window={'source': 'constant', 'value': 'day'}",Step 2,GET /movie/{movie_id}/credits,[2XX],Y,2,,,,,,all required steps executed and passed,"[400, 422]",[404],"[401, 403]"
tmdb_015,"Who is the director of the movie ""Twilight""?",2,Step 1: GET /search/movie -> Step 2: GET /movie/{movie_id}/credits,manual review required for first-step query/body constants,Step 1,GET /search/movie ,[2XX],Y,2,Step 1,$.results[0].id as movie_id,Step 1,Step 2,movie_id,all required steps executed and passed,"[400, 422]",[404],"[401, 403]"
tmdb_015,"Who is the director of the movie ""Twilight""?",2,Step 1: GET /search/movie -> Step 2: GET /movie/{movie_id}/credits,manual review required for first-step query/body constants,Step 2,GET /movie/{movie_id}/credits,[2XX],Y,2,,,,,,all required steps executed and passed,"[400, 422]",[404],"[401, 403]"
tmdb_016,give me a photo belong to the second episode of the first season of the Witcher,2,Step 1: GET /search/tv -> Step 2: GET /tv/{tv_id}/season/{season_number}/episode/{episode_number}/images,manual review required for first-step query/body constants,Step 1,GET /search/tv ,[2XX],Y,2,Step 1,"$.results[0].id as tv_id, $.results[0].id as season_number, $.results[0].id as episode_number",Step 1,Step 2,"tv_id, season_number, episode_number ",all required steps executed and passed,"[400, 422]",[404],"[401, 403]"
tmdb_016,give me a photo belong to the second episode of the first season of the Witcher,2,Step 1: GET /search/tv -> Step 2: GET /tv/{tv_id}/season/{season_number}/episode/{episode_number}/images,manual review required for first-step query/body constants,Step 2,GET /tv/{tv_id}/season/{season_number}/episode/{episode_number}/images,[2XX],Y,2,,,,,,all required steps executed and passed,"[400, 422]",[404],"[401, 403]"
tmdb_017,What is top-1 rated movie?,1,Step 1: GET /movie/top_rated,manual review required for first-step query/body constants,Step 1,GET /movie/top_rated,[2XX],Y,1,,,,,,all required steps executed and passed,"[400, 422]",[404],"[401, 403]"
tmdb_018,"What is the release date of the movie ""The Matrix""?",2,Step 1: GET /search/movie -> Step 2: GET /movie/{movie_id}/release_dates,manual review required for first-step query/body constants,Step 1,GET /search/movie ,[2XX],Y,2,Step 1,$.results[0].id as movie_id,Step 1,Step 2,movie_id,all required steps executed and passed,"[400, 422]",[404],"[401, 403]"
tmdb_018,"What is the release date of the movie ""The Matrix""?",2,Step 1: GET /search/movie -> Step 2: GET /movie/{movie_id}/release_dates,manual review required for first-step query/body constants,Step 2,GET /movie/{movie_id}/release_dates,[2XX],Y,2,,,,,,all required steps executed and passed,"[400, 422]",[404],"[401, 403]"
tmdb_019,Who is the most popular person?,1,Step 1: GET /person/popular,manual review required for first-step query/body constants,Step 1,GET /person/popular,[2XX],Y,1,,,,,,all required steps executed and passed,"[400, 422]",[404],"[401, 403]"
tmdb_020,Give me some cover images of movies directed by Christopher Nolan.,3,Step 1: GET /search/person -> Step 2: GET /person/{person_id}/movie_credits -> Step 3: GET /movie/{movie_id}/images,manual review required for first-step query/body constants,Step 1,GET /search/person ,[2XX],Y,3,Step 1,$.results[0].id as person_id,Step 1,Step 2,person_id,all required steps executed and passed,"[400, 422]",[404],"[401, 403]"
tmdb_020,Give me some cover images of movies directed by Christopher Nolan.,3,Step 1: GET /search/person -> Step 2: GET /person/{person_id}/movie_credits -> Step 3: GET /movie/{movie_id}/images,manual review required for first-step query/body constants,Step 2,GET /person/{person_id}/movie_credits ,[2XX],Y,3,Step 2,$.id as movie_id,Step 2,Step 3,movie_id,all required steps executed and passed,"[400, 422]",[404],"[401, 403]"
tmdb_020,Give me some cover images of movies directed by Christopher Nolan.,3,Step 1: GET /search/person -> Step 2: GET /person/{person_id}/movie_credits -> Step 3: GET /movie/{movie_id}/images,manual review required for first-step query/body constants,Step 3,GET /movie/{movie_id}/images,[2XX],Y,3,,,,,,all required steps executed and passed,"[400, 422]",[404],"[401, 403]"
tmdb_021,"What are some common keywords associated with movie ""Titanic""?",2,Step 1: GET /search/movie -> Step 2: GET /movie/{movie_id}/keywords,manual review required for first-step query/body constants,Step 1,GET /search/movie ,[2XX],Y,2,Step 1,$.results[0].id as movie_id,Step 1,Step 2,movie_id,all required steps executed and passed,"[400, 422]",[404],"[401, 403]"
tmdb_021,"What are some common keywords associated with movie ""Titanic""?",2,Step 1: GET /search/movie -> Step 2: GET /movie/{movie_id}/keywords,manual review required for first-step query/body constants,Step 2,GET /movie/{movie_id}/keywords,[2XX],Y,2,,,,,,all required steps executed and passed,"[400, 422]",[404],"[401, 403]"
tmdb_022,Give me a show that is currently on the air,1,Step 1: GET /tv/on_the_air,manual review required for first-step query/body constants,Step 1,GET /tv/on_the_air,[2XX],Y,1,,,,,,all required steps executed and passed,"[400, 422]",[404],"[401, 403]"
tmdb_023,When is Clint Eastwood's latest movie scheduled to be released?,3,Step 1: GET /search/person -> Step 2: GET /person/{person_id}/movie_credits -> Step 3: GET /movie/{movie_id}/release_dates,manual review required for first-step query/body constants,Step 1,GET /search/person ,[2XX],Y,3,Step 1,$.results[0].id as person_id,Step 1,Step 2,person_id,all required steps executed and passed,"[400, 422]",[404],"[401, 403]"
tmdb_023,When is Clint Eastwood's latest movie scheduled to be released?,3,Step 1: GET /search/person -> Step 2: GET /person/{person_id}/movie_credits -> Step 3: GET /movie/{movie_id}/release_dates,manual review required for first-step query/body constants,Step 2,GET /person/{person_id}/movie_credits ,[2XX],Y,3,Step 2,$.id as movie_id,Step 2,Step 3,movie_id,all required steps executed and passed,"[400, 422]",[404],"[401, 403]"
tmdb_023,When is Clint Eastwood's latest movie scheduled to be released?,3,Step 1: GET /search/person -> Step 2: GET /person/{person_id}/movie_credits -> Step 3: GET /movie/{movie_id}/release_dates,manual review required for first-step query/body constants,Step 3,GET /movie/{movie_id}/release_dates,[2XX],Y,3,,,,,,all required steps executed and passed,"[400, 422]",[404],"[401, 403]"
tmdb_024,Give me some movie reviews about The Dark Knight,2,Step 1: GET /search/movie -> Step 2: GET /movie/{movie_id}/reviews,manual review required for first-step query/body constants,Step 1,GET /search/movie ,[2XX],Y,2,Step 1,$.results[0].id as movie_id,Step 1,Step 2,movie_id,all required steps executed and passed,"[400, 422]",[404],"[401, 403]"
tmdb_024,Give me some movie reviews about The Dark Knight,2,Step 1: GET /search/movie -> Step 2: GET /movie/{movie_id}/reviews,manual review required for first-step query/body constants,Step 2,GET /movie/{movie_id}/reviews,[2XX],Y,2,,,,,,all required steps executed and passed,"[400, 422]",[404],"[401, 403]"
tmdb_025,What are some movies that are similar to one of the movies directed by Francis Ford Coppola?,3,Step 1: GET /search/person -> Step 2: GET /person/{person_id}/movie_credits -> Step 3: GET /movie/{movie_id}/similar,manual review required for first-step query/body constants,Step 1,GET /search/person ,[2XX],Y,3,Step 1,$.results[0].id as person_id,Step 1,Step 2,person_id,all required steps executed and passed,"[400, 422]",[404],"[401, 403]"
tmdb_025,What are some movies that are similar to one of the movies directed by Francis Ford Coppola?,3,Step 1: GET /search/person -> Step 2: GET /person/{person_id}/movie_credits -> Step 3: GET /movie/{movie_id}/similar,manual review required for first-step query/body constants,Step 2,GET /person/{person_id}/movie_credits ,[2XX],Y,3,Step 2,$.id as movie_id,Step 2,Step 3,movie_id,all required steps executed and passed,"[400, 422]",[404],"[401, 403]"
tmdb_025,What are some movies that are similar to one of the movies directed by Francis Ford Coppola?,3,Step 1: GET /search/person -> Step 2: GET /person/{person_id}/movie_credits -> Step 3: GET /movie/{movie_id}/similar,manual review required for first-step query/body constants,Step 3,GET /movie/{movie_id}/similar,[2XX],Y,3,,,,,,all required steps executed and passed,"[400, 422]",[404],"[401, 403]"
tmdb_026,Who is the lead actor in the latest released movie?,2,Step 1: GET /movie/latest -> Step 2: GET /movie/{movie_id}/credits,manual review required for first-step query/body constants,Step 1,GET /movie/latest ,[2XX],Y,2,Step 1,$.id as movie_id,Step 1,Step 2,movie_id,all required steps executed and passed,"[400, 422]",[404],"[401, 403]"
tmdb_026,Who is the lead actor in the latest released movie?,2,Step 1: GET /movie/latest -> Step 2: GET /movie/{movie_id}/credits,manual review required for first-step query/body constants,Step 2,GET /movie/{movie_id}/credits,[2XX],Y,2,,,,,,all required steps executed and passed,"[400, 422]",[404],"[401, 403]"
tmdb_027,give me one image of the movie that is currently showing in theaters,2,Step 1: GET /movie/now_playing -> Step 2: GET /movie/{movie_id}/images,manual review required for first-step query/body constants,Step 1,GET /movie/now_playing ,[2XX],Y,2,Step 1,$.id as movie_id,Step 1,Step 2,movie_id,all required steps executed and passed,"[400, 422]",[404],"[401, 403]"
tmdb_027,give me one image of the movie that is currently showing in theaters,2,Step 1: GET /movie/now_playing -> Step 2: GET /movie/{movie_id}/images,manual review required for first-step query/body constants,Step 2,GET /movie/{movie_id}/images,[2XX],Y,2,,,,,,all required steps executed and passed,"[400, 422]",[404],"[401, 403]"
tmdb_028,What is the most popular movie right now and what is its keywords?,2,Step 1: GET /movie/popular -> Step 2: GET /movie/{movie_id}/keywords,manual review required for first-step query/body constants,Step 1,GET /movie/popular ,[2XX],Y,2,Step 1,$.results[0].id as movie_id,Step 1,Step 2,movie_id,all required steps executed and passed,"[400, 422]",[404],"[401, 403]"
tmdb_028,What is the most popular movie right now and what is its keywords?,2,Step 1: GET /movie/popular -> Step 2: GET /movie/{movie_id}/keywords,manual review required for first-step query/body constants,Step 2,GET /movie/{movie_id}/keywords,[2XX],Y,2,,,,,,all required steps executed and passed,"[400, 422]",[404],"[401, 403]"
tmdb_029,What are the keywords of the most popular movie right now,2,Step 1: GET /movie/popular -> Step 2: GET /movie/{movie_id}/keywords,manual review required for first-step query/body constants,Step 1,GET /movie/popular ,[2XX],Y,2,Step 1,$.results[0].id as movie_id,Step 1,Step 2,movie_id,all required steps executed and passed,"[400, 422]",[404],"[401, 403]"
tmdb_029,What are the keywords of the most popular movie right now,2,Step 1: GET /movie/popular -> Step 2: GET /movie/{movie_id}/keywords,manual review required for first-step query/body constants,Step 2,GET /movie/{movie_id}/keywords,[2XX],Y,2,,,,,,all required steps executed and passed,"[400, 422]",[404],"[401, 403]"
tmdb_030,"Who has starred in a movie ""Titanic""",2,Step 1: GET /search/movie -> Step 2: GET /movie/{movie_id}/credits,manual review required for first-step query/body constants,Step 1,GET /search/movie ,[2XX],Y,2,Step 1,$.results[0].id as movie_id,Step 1,Step 2,movie_id,all required steps executed and passed,"[400, 422]",[404],"[401, 403]"
tmdb_030,"Who has starred in a movie ""Titanic""",2,Step 1: GET /search/movie -> Step 2: GET /movie/{movie_id}/credits,manual review required for first-step query/body constants,Step 2,GET /movie/{movie_id}/credits,[2XX],Y,2,,,,,,all required steps executed and passed,"[400, 422]",[404],"[401, 403]"
tmdb_031,What do the logo looks like for Paramount Pictures?,2,Step 1: GET /company/{company_id} -> Step 2: GET /company/{company_id}/images,"Step 1.company_id={'source': 'constant_or_instruction', 'value': 'TODO_COMPANY_ID'}",Step 1,GET /company/{company_id} ,[2XX],Y,2,Step 1,$.id as company_id,Step 1,Step 2,company_id,all required steps executed and passed,"[400, 422]",[404],"[401, 403]"
tmdb_031,What do the logo looks like for Paramount Pictures?,2,Step 1: GET /company/{company_id} -> Step 2: GET /company/{company_id}/images,"Step 1.company_id={'source': 'constant_or_instruction', 'value': 'TODO_COMPANY_ID'}",Step 2,GET /company/{company_id}/images,[2XX],Y,2,,,,,,all required steps executed and passed,"[400, 422]",[404],"[401, 403]"
tmdb_032,"tell me where the company ""universal pictures"" was founded?",2,Step 1: GET /search/company -> Step 2: GET /company/{company_id},manual review required for first-step query/body constants,Step 1,GET /search/company ,[2XX],Y,2,Step 1,$.results[0].id as company_id,Step 1,Step 2,company_id,all required steps executed and passed,"[400, 422]",[404],"[401, 403]"
tmdb_032,"tell me where the company ""universal pictures"" was founded?",2,Step 1: GET /search/company -> Step 2: GET /company/{company_id},manual review required for first-step query/body constants,Step 2,GET /company/{company_id},[2XX],Y,2,,,,,,all required steps executed and passed,"[400, 422]",[404],"[401, 403]"
tmdb_033,"When is the movie ""Titanic"" released?",2,Step 1: GET /search/movie -> Step 2: GET /movie/{movie_id}/release_dates,manual review required for first-step query/body constants,Step 1,GET /search/movie ,[2XX],Y,2,Step 1,$.results[0].id as movie_id,Step 1,Step 2,movie_id,all required steps executed and passed,"[400, 422]",[404],"[401, 403]"
tmdb_033,"When is the movie ""Titanic"" released?",2,Step 1: GET /search/movie -> Step 2: GET /movie/{movie_id}/release_dates,manual review required for first-step query/body constants,Step 2,GET /movie/{movie_id}/release_dates,[2XX],Y,2,,,,,,all required steps executed and passed,"[400, 422]",[404],"[401, 403]"
tmdb_034,Who has starred in the first movie of Star Wars collection?,3,Step 1: GET /search/collection -> Step 2: GET /collection/{collection_id} -> Step 3: GET /movie/{movie_id}/credits,manual review required for first-step query/body constants,Step 1,GET /search/collection ,[2XX],Y,3,Step 1,$.results[0].id as collection_id,Step 1,Step 2,collection_id,all required steps executed and passed,"[400, 422]",[404],"[401, 403]"
tmdb_034,Who has starred in the first movie of Star Wars collection?,3,Step 1: GET /search/collection -> Step 2: GET /collection/{collection_id} -> Step 3: GET /movie/{movie_id}/credits,manual review required for first-step query/body constants,Step 2,GET /collection/{collection_id} ,[2XX],Y,3,Step 2,$.id as movie_id,Step 2,Step 3,movie_id,all required steps executed and passed,"[400, 422]",[404],"[401, 403]"
tmdb_034,Who has starred in the first movie of Star Wars collection?,3,Step 1: GET /search/collection -> Step 2: GET /collection/{collection_id} -> Step 3: GET /movie/{movie_id}/credits,manual review required for first-step query/body constants,Step 3,GET /movie/{movie_id}/credits,[2XX],Y,3,,,,,,all required steps executed and passed,"[400, 422]",[404],"[401, 403]"
tmdb_035,give me a movie cover of a movie from the collection Harry Potter,3,Step 1: GET /search/collection -> Step 2: GET /collection/{collection_id} -> Step 3: GET /movie/{movie_id}/images,manual review required for first-step query/body constants,Step 1,GET /search/collection ,[2XX],Y,3,Step 1,$.results[0].id as collection_id,Step 1,Step 2,collection_id,all required steps executed and passed,"[400, 422]",[404],"[401, 403]"
tmdb_035,give me a movie cover of a movie from the collection Harry Potter,3,Step 1: GET /search/collection -> Step 2: GET /collection/{collection_id} -> Step 3: GET /movie/{movie_id}/images,manual review required for first-step query/body constants,Step 2,GET /collection/{collection_id} ,[2XX],Y,3,Step 2,$.id as movie_id,Step 2,Step 3,movie_id,all required steps executed and passed,"[400, 422]",[404],"[401, 403]"
tmdb_035,give me a movie cover of a movie from the collection Harry Potter,3,Step 1: GET /search/collection -> Step 2: GET /collection/{collection_id} -> Step 3: GET /movie/{movie_id}/images,manual review required for first-step query/body constants,Step 3,GET /movie/{movie_id}/images,[2XX],Y,3,,,,,,all required steps executed and passed,"[400, 422]",[404],"[401, 403]"
tmdb_036,What are some keywords for a movie of the collection The Hunger Games?,3,Step 1: GET /search/collection -> Step 2: GET /collection/{collection_id} -> Step 3: GET /movie/{movie_id}/keywords,manual review required for first-step query/body constants,Step 1,GET /search/collection ,[2XX],Y,3,Step 1,$.results[0].id as collection_id,Step 1,Step 2,collection_id,all required steps executed and passed,"[400, 422]",[404],"[401, 403]"
tmdb_036,What are some keywords for a movie of the collection The Hunger Games?,3,Step 1: GET /search/collection -> Step 2: GET /collection/{collection_id} -> Step 3: GET /movie/{movie_id}/keywords,manual review required for first-step query/body constants,Step 2,GET /collection/{collection_id} ,[2XX],Y,3,Step 2,$.id as movie_id,Step 2,Step 3,movie_id,all required steps executed and passed,"[400, 422]",[404],"[401, 403]"
tmdb_036,What are some keywords for a movie of the collection The Hunger Games?,3,Step 1: GET /search/collection -> Step 2: GET /collection/{collection_id} -> Step 3: GET /movie/{movie_id}/keywords,manual review required for first-step query/body constants,Step 3,GET /movie/{movie_id}/keywords,[2XX],Y,3,,,,,,all required steps executed and passed,"[400, 422]",[404],"[401, 403]"
tmdb_037,When are the release dates for the movies of the collection The Hobbit?,2,Step 1: GET /search/collection -> Step 2: GET /collection/{collection_id},manual review required for first-step query/body constants,Step 1,GET /search/collection ,[2XX],Y,2,Step 1,$.results[0].id as collection_id,Step 1,Step 2,collection_id,all required steps executed and passed,"[400, 422]",[404],"[401, 403]"
tmdb_037,When are the release dates for the movies of the collection The Hobbit?,2,Step 1: GET /search/collection -> Step 2: GET /collection/{collection_id},manual review required for first-step query/body constants,Step 2,GET /collection/{collection_id},[2XX],Y,2,,,,,,all required steps executed and passed,"[400, 422]",[404],"[401, 403]"
tmdb_038,List movies from The Fast and the Furious collection,2,Step 1: GET /search/collection -> Step 2: GET /collection/{collection_id},manual review required for first-step query/body constants,Step 1,GET /search/collection ,[2XX],Y,2,Step 1,$.results[0].id as collection_id,Step 1,Step 2,collection_id,all required steps executed and passed,"[400, 422]",[404],"[401, 403]"
tmdb_038,List movies from The Fast and the Furious collection,2,Step 1: GET /search/collection -> Step 2: GET /collection/{collection_id},manual review required for first-step query/body constants,Step 2,GET /collection/{collection_id},[2XX],Y,2,,,,,,all required steps executed and passed,"[400, 422]",[404],"[401, 403]"
tmdb_039,Give me a review of a movie from the collection The Fast and the Furious.,3,Step 1: GET /search/collection -> Step 2: GET /collection/{collection_id} -> Step 3: GET /movie/{movie_id}/reviews,manual review required for first-step query/body constants,Step 1,GET /search/collection ,[2XX],Y,3,Step 1,$.results[0].id as collection_id,Step 1,Step 2,collection_id,all required steps executed and passed,"[400, 422]",[404],"[401, 403]"
tmdb_039,Give me a review of a movie from the collection The Fast and the Furious.,3,Step 1: GET /search/collection -> Step 2: GET /collection/{collection_id} -> Step 3: GET /movie/{movie_id}/reviews,manual review required for first-step query/body constants,Step 2,GET /collection/{collection_id} ,[2XX],Y,3,Step 2,$.id as movie_id,Step 2,Step 3,movie_id,all required steps executed and passed,"[400, 422]",[404],"[401, 403]"
tmdb_039,Give me a review of a movie from the collection The Fast and the Furious.,3,Step 1: GET /search/collection -> Step 2: GET /collection/{collection_id} -> Step 3: GET /movie/{movie_id}/reviews,manual review required for first-step query/body constants,Step 3,GET /movie/{movie_id}/reviews,[2XX],Y,3,,,,,,all required steps executed and passed,"[400, 422]",[404],"[401, 403]"
tmdb_040,When was the first movie of the collection Lord of the Rings released?,2,Step 1: GET /search/collection -> Step 2: GET /collection/{collection_id},manual review required for first-step query/body constants,Step 1,GET /search/collection ,[2XX],Y,2,Step 1,$.results[0].id as collection_id,Step 1,Step 2,collection_id,all required steps executed and passed,"[400, 422]",[404],"[401, 403]"
tmdb_040,When was the first movie of the collection Lord of the Rings released?,2,Step 1: GET /search/collection -> Step 2: GET /collection/{collection_id},manual review required for first-step query/body constants,Step 2,GET /collection/{collection_id},[2XX],Y,2,,,,,,all required steps executed and passed,"[400, 422]",[404],"[401, 403]"
tmdb_041,tell me the directors of the first season of House of Cards,2,Step 1: GET /search/tv -> Step 2: GET /tv/{tv_id}/season/{season_number}/credits,manual review required for first-step query/body constants,Step 1,GET /search/tv ,[2XX],Y,2,Step 1,"$.results[0].id as tv_id, $.results[0].id as season_number",Step 1,Step 2,"tv_id, season_number ",all required steps executed and passed,"[400, 422]",[404],"[401, 403]"
tmdb_041,tell me the directors of the first season of House of Cards,2,Step 1: GET /search/tv -> Step 2: GET /tv/{tv_id}/season/{season_number}/credits,manual review required for first-step query/body constants,Step 2,GET /tv/{tv_id}/season/{season_number}/credits,[2XX],Y,2,,,,,,all required steps executed and passed,"[400, 422]",[404],"[401, 403]"
tmdb_042,I want some tv shows that similar to House of Cards,2,Step 1: GET /search/tv -> Step 2: GET /tv/{tv_id}/similar,manual review required for first-step query/body constants,Step 1,GET /search/tv ,[2XX],Y,2,Step 1,$.results[0].id as tv_id,Step 1,Step 2,tv_id,all required steps executed and passed,"[400, 422]",[404],"[401, 403]"
tmdb_042,I want some tv shows that similar to House of Cards,2,Step 1: GET /search/tv -> Step 2: GET /tv/{tv_id}/similar,manual review required for first-step query/body constants,Step 2,GET /tv/{tv_id}/similar,[2XX],Y,2,,,,,,all required steps executed and passed,"[400, 422]",[404],"[401, 403]"
tmdb_043,When did the most popular TV show currently on the air start?,2,Step 1: GET /tv/on_the_air -> Step 2: GET /tv/{tv_id},manual review required for first-step query/body constants,Step 1,GET /tv/on_the_air ,[2XX],Y,2,Step 1,$.id as tv_id,Step 1,Step 2,tv_id,all required steps executed and passed,"[400, 422]",[404],"[401, 403]"
tmdb_043,When did the most popular TV show currently on the air start?,2,Step 1: GET /tv/on_the_air -> Step 2: GET /tv/{tv_id},manual review required for first-step query/body constants,Step 2,GET /tv/{tv_id},[2XX],Y,2,,,,,,all required steps executed and passed,"[400, 422]",[404],"[401, 403]"
tmdb_044,tell me a few more works directed by the director of Django Unchained,3,Step 1: GET /search/movie -> Step 2: GET /movie/{movie_id}/credits -> Step 3: GET /person/{person_id}/movie_credits,manual review required for first-step query/body constants,Step 1,GET /search/movie ,[2XX],Y,3,Step 1,$.results[0].id as movie_id,Step 1,Step 2,movie_id,all required steps executed and passed,"[400, 422]",[404],"[401, 403]"
tmdb_044,tell me a few more works directed by the director of Django Unchained,3,Step 1: GET /search/movie -> Step 2: GET /movie/{movie_id}/credits -> Step 3: GET /person/{person_id}/movie_credits,manual review required for first-step query/body constants,Step 2,GET /movie/{movie_id}/credits ,[2XX],Y,3,Step 2,$.id as person_id,Step 2,Step 3,person_id,all required steps executed and passed,"[400, 422]",[404],"[401, 403]"
tmdb_044,tell me a few more works directed by the director of Django Unchained,3,Step 1: GET /search/movie -> Step 2: GET /movie/{movie_id}/credits -> Step 3: GET /person/{person_id}/movie_credits,manual review required for first-step query/body constants,Step 3,GET /person/{person_id}/movie_credits,[2XX],Y,3,,,,,,all required steps executed and passed,"[400, 422]",[404],"[401, 403]"
tmdb_045,tell me the cast of a TV show on the air,2,Step 1: GET /tv/on_the_air -> Step 2: GET /tv/{tv_id}/credits,manual review required for first-step query/body constants,Step 1,GET /tv/on_the_air ,[2XX],Y,2,Step 1,$.id as tv_id,Step 1,Step 2,tv_id,all required steps executed and passed,"[400, 422]",[404],"[401, 403]"
tmdb_045,tell me the cast of a TV show on the air,2,Step 1: GET /tv/on_the_air -> Step 2: GET /tv/{tv_id}/credits,manual review required for first-step query/body constants,Step 2,GET /tv/{tv_id}/credits,[2XX],Y,2,,,,,,all required steps executed and passed,"[400, 422]",[404],"[401, 403]"
tmdb_046,I need a review for Breaking Bad,2,Step 1: GET /search/tv -> Step 2: GET /tv/{tv_id}/reviews,manual review required for first-step query/body constants,Step 1,GET /search/tv ,[2XX],Y,2,Step 1,$.results[0].id as tv_id,Step 1,Step 2,tv_id,all required steps executed and passed,"[400, 422]",[404],"[401, 403]"
tmdb_046,I need a review for Breaking Bad,2,Step 1: GET /search/tv -> Step 2: GET /tv/{tv_id}/reviews,manual review required for first-step query/body constants,Step 2,GET /tv/{tv_id}/reviews,[2XX],Y,2,,,,,,all required steps executed and passed,"[400, 422]",[404],"[401, 403]"
tmdb_047,I'm watching the tv series The Last Of Us and I need some more recommendations,2,Step 1: GET /search/tv -> Step 2: GET /tv/{tv_id}/recommendations,manual review required for first-step query/body constants,Step 1,GET /search/tv ,[2XX],Y,2,Step 1,$.results[0].id as tv_id,Step 1,Step 2,tv_id,all required steps executed and passed,"[400, 422]",[404],"[401, 403]"
tmdb_047,I'm watching the tv series The Last Of Us and I need some more recommendations,2,Step 1: GET /search/tv -> Step 2: GET /tv/{tv_id}/recommendations,manual review required for first-step query/body constants,Step 2,GET /tv/{tv_id}/recommendations,[2XX],Y,2,,,,,,all required steps executed and passed,"[400, 422]",[404],"[401, 403]"
tmdb_048,I'm watching a TV show called The Last Of Us and I need some more recommendations,2,Step 1: GET /search/tv -> Step 2: GET /tv/{tv_id}/recommendations,manual review required for first-step query/body constants,Step 1,GET /search/tv ,[2XX],Y,2,Step 1,$.results[0].id as tv_id,Step 1,Step 2,tv_id,all required steps executed and passed,"[400, 422]",[404],"[401, 403]"
tmdb_048,I'm watching a TV show called The Last Of Us and I need some more recommendations,2,Step 1: GET /search/tv -> Step 2: GET /tv/{tv_id}/recommendations,manual review required for first-step query/body constants,Step 2,GET /tv/{tv_id}/recommendations,[2XX],Y,2,,,,,,all required steps executed and passed,"[400, 422]",[404],"[401, 403]"
tmdb_049,"tell me the guest star from season 3, episode 24 of Friends",2,Step 1: GET /search/tv -> Step 2: GET /tv/{tv_id}/season/{season_number}/episode/{episode_number}/credits,manual review required for first-step query/body constants,Step 1,GET /search/tv ,[2XX],Y,2,Step 1,"$.results[0].id as tv_id, $.results[0].id as season_number, $.results[0].id as episode_number",Step 1,Step 2,"tv_id, season_number, episode_number ",all required steps executed and passed,"[400, 422]",[404],"[401, 403]"
tmdb_049,"tell me the guest star from season 3, episode 24 of Friends",2,Step 1: GET /search/tv -> Step 2: GET /tv/{tv_id}/season/{season_number}/episode/{episode_number}/credits,manual review required for first-step query/body constants,Step 2,GET /tv/{tv_id}/season/{season_number}/episode/{episode_number}/credits,[2XX],Y,2,,,,,,all required steps executed and passed,"[400, 422]",[404],"[401, 403]"
tmdb_050,Who is the lead actor in the most popular TV show?,2,Step 1: GET /tv/popular -> Step 2: GET /tv/{tv_id}/credits,manual review required for first-step query/body constants,Step 1,GET /tv/popular ,[2XX],Y,2,Step 1,$.results[0].id as tv_id,Step 1,Step 2,tv_id,all required steps executed and passed,"[400, 422]",[404],"[401, 403]"
tmdb_050,Who is the lead actor in the most popular TV show?,2,Step 1: GET /tv/popular -> Step 2: GET /tv/{tv_id}/credits,manual review required for first-step query/body constants,Step 2,GET /tv/{tv_id}/credits,[2XX],Y,2,,,,,,all required steps executed and passed,"[400, 422]",[404],"[401, 403]"
tmdb_051,give me a keyword of the top-1 rated TV show,2,Step 1: GET /tv/top_rated -> Step 2: GET /tv/{tv_id}/keywords,manual review required for first-step query/body constants,Step 1,GET /tv/top_rated ,[2XX],Y,2,Step 1,$.results[0].id as tv_id,Step 1,Step 2,tv_id,all required steps executed and passed,"[400, 422]",[404],"[401, 403]"
tmdb_051,give me a keyword of the top-1 rated TV show,2,Step 1: GET /tv/top_rated -> Step 2: GET /tv/{tv_id}/keywords,manual review required for first-step query/body constants,Step 2,GET /tv/{tv_id}/keywords,[2XX],Y,2,,,,,,all required steps executed and passed,"[400, 422]",[404],"[401, 403]"
tmdb_052,give me a poster of 2 Broke Girls,2,Step 1: GET /search/tv -> Step 2: GET /tv/{tv_id}/images,manual review required for first-step query/body constants,Step 1,GET /search/tv ,[2XX],Y,2,Step 1,$.results[0].id as tv_id,Step 1,Step 2,tv_id,all required steps executed and passed,"[400, 422]",[404],"[401, 403]"
tmdb_052,give me a poster of 2 Broke Girls,2,Step 1: GET /search/tv -> Step 2: GET /tv/{tv_id}/images,manual review required for first-step query/body constants,Step 2,GET /tv/{tv_id}/images,[2XX],Y,2,,,,,,all required steps executed and passed,"[400, 422]",[404],"[401, 403]"
tmdb_053,How many episodes does 2 Broke Girls have in total?,2,Step 1: GET /search/tv -> Step 2: GET /tv/{tv_id},manual review required for first-step query/body constants,Step 1,GET /search/tv ,[2XX],Y,2,Step 1,$.results[0].id as tv_id,Step 1,Step 2,tv_id,all required steps executed and passed,"[400, 422]",[404],"[401, 403]"
tmdb_053,How many episodes does 2 Broke Girls have in total?,2,Step 1: GET /search/tv -> Step 2: GET /tv/{tv_id},manual review required for first-step query/body constants,Step 2,GET /tv/{tv_id},[2XX],Y,2,,,,,,all required steps executed and passed,"[400, 422]",[404],"[401, 403]"
tmdb_054,When was the company that produced The Big Bang Theory founded?,3,Step 1: GET /search/tv -> Step 2: GET /tv/{tv_id} -> Step 3: GET /company/{company_id},manual review required for first-step query/body constants,Step 1,GET /search/tv ,[2XX],Y,3,Step 1,$.results[0].id as tv_id,Step 1,Step 2,tv_id,all required steps executed and passed,"[400, 422]",[404],"[401, 403]"
tmdb_054,When was the company that produced The Big Bang Theory founded?,3,Step 1: GET /search/tv -> Step 2: GET /tv/{tv_id} -> Step 3: GET /company/{company_id},manual review required for first-step query/body constants,Step 2,GET /tv/{tv_id} ,[2XX],Y,3,Step 2,$.id as company_id,Step 2,Step 3,company_id,all required steps executed and passed,"[400, 422]",[404],"[401, 403]"
tmdb_054,When was the company that produced The Big Bang Theory founded?,3,Step 1: GET /search/tv -> Step 2: GET /tv/{tv_id} -> Step 3: GET /company/{company_id},manual review required for first-step query/body constants,Step 3,GET /company/{company_id},[2XX],Y,3,,,,,,all required steps executed and passed,"[400, 422]",[404],"[401, 403]"
tmdb_055,When was the TV show The Big Bang Theory created?,2,Step 1: GET /search/tv -> Step 2: GET /tv/{tv_id},manual review required for first-step query/body constants,Step 1,GET /search/tv ,[2XX],Y,2,Step 1,$.results[0].id as tv_id,Step 1,Step 2,tv_id,all required steps executed and passed,"[400, 422]",[404],"[401, 403]"
tmdb_055,When was the TV show The Big Bang Theory created?,2,Step 1: GET /search/tv -> Step 2: GET /tv/{tv_id},manual review required for first-step query/body constants,Step 2,GET /tv/{tv_id},[2XX],Y,2,,,,,,all required steps executed and passed,"[400, 422]",[404],"[401, 403]"
tmdb_056,give me a keyword of the most popular TV show,2,Step 1: GET /tv/popular -> Step 2: GET /tv/{tv_id}/keywords,manual review required for first-step query/body constants,Step 1,GET /tv/popular ,[2XX],Y,2,Step 1,$.results[0].id as tv_id,Step 1,Step 2,tv_id,all required steps executed and passed,"[400, 422]",[404],"[401, 403]"
tmdb_056,give me a keyword of the most popular TV show,2,Step 1: GET /tv/popular -> Step 2: GET /tv/{tv_id}/keywords,manual review required for first-step query/body constants,Step 2,GET /tv/{tv_id}/keywords,[2XX],Y,2,,,,,,all required steps executed and passed,"[400, 422]",[404],"[401, 403]"
tmdb_057,What did the third episode of the second season of Westworld talk about?,2,Step 1: GET /search/tv -> Step 2: GET /tv/{tv_id}/season/{season_number}/episode/{episode_number},manual review required for first-step query/body constants,Step 1,GET /search/tv ,[2XX],Y,2,Step 1,"$.results[0].id as tv_id, $.results[0].id as season_number, $.results[0].id as episode_number",Step 1,Step 2,"tv_id, season_number, episode_number ",all required steps executed and passed,"[400, 422]",[404],"[401, 403]"
tmdb_057,What did the third episode of the second season of Westworld talk about?,2,Step 1: GET /search/tv -> Step 2: GET /tv/{tv_id}/season/{season_number}/episode/{episode_number},manual review required for first-step query/body constants,Step 2,GET /tv/{tv_id}/season/{season_number}/episode/{episode_number},[2XX],Y,2,,,,,,all required steps executed and passed,"[400, 422]",[404],"[401, 403]"
tmdb_058,Tell me the air date of the second season of Game of Thrones,2,Step 1: GET /search/tv -> Step 2: GET /tv/{tv_id}/season/{season_number},manual review required for first-step query/body constants,Step 1,GET /search/tv ,[2XX],Y,2,Step 1,"$.results[0].id as tv_id, $.results[0].id as season_number",Step 1,Step 2,tv_id,all required steps executed and passed,"[400, 422]",[404],"[401, 403]"
tmdb_058,Tell me the air date of the second season of Game of Thrones,2,Step 1: GET /search/tv -> Step 2: GET /tv/{tv_id}/season/{season_number},manual review required for first-step query/body constants,Step 2,GET /tv/{tv_id}/season/{season_number},[2XX],Y,2,,,,,,all required steps executed and passed,"[400, 422]",[404],"[401, 403]"
tmdb_059,give me a poster of the third episode of Band of Brothers,2,Step 1: GET /search/tv -> Step 2: GET /tv/{tv_id}/season/{season_number}/episode/{episode_number}/images,manual review required for first-step query/body constants,Step 1,GET /search/tv ,[2XX],Y,2,Step 1,"$.results[0].id as tv_id, $.results[0].id as season_number, $.results[0].id as episode_number",Step 1,Step 2,tv_id,all required steps executed and passed,"[400, 422]",[404],"[401, 403]"
tmdb_059,give me a poster of the third episode of Band of Brothers,2,Step 1: GET /search/tv -> Step 2: GET /tv/{tv_id}/season/{season_number}/episode/{episode_number}/images,manual review required for first-step query/body constants,Step 2,GET /tv/{tv_id}/season/{season_number}/episode/{episode_number}/images,[2XX],Y,2,,,,,,all required steps executed and passed,"[400, 422]",[404],"[401, 403]"
tmdb_060,What is the logo of the network that produced Game of Thrones?,3,Step 1: GET /search/tv -> Step 2: GET /tv/{tv_id} -> Step 3: GET /network/{network_id}/images,manual review required for first-step query/body constants,Step 1,GET /search/tv ,[2XX],Y,3,Step 1,$.results[0].id as tv_id,Step 1,Step 2,tv_id,all required steps executed and passed,"[400, 422]",[404],"[401, 403]"
tmdb_060,What is the logo of the network that produced Game of Thrones?,3,Step 1: GET /search/tv -> Step 2: GET /tv/{tv_id} -> Step 3: GET /network/{network_id}/images,manual review required for first-step query/body constants,Step 2,GET /tv/{tv_id} ,[2XX],Y,3,Step 2,$.id as network_id,Step 2,Step 3,network_id,all required steps executed and passed,"[400, 422]",[404],"[401, 403]"
tmdb_060,What is the logo of the network that produced Game of Thrones?,3,Step 1: GET /search/tv -> Step 2: GET /tv/{tv_id} -> Step 3: GET /network/{network_id}/images,manual review required for first-step query/body constants,Step 3,GET /network/{network_id}/images,[2XX],Y,3,,,,,,all required steps executed and passed,"[400, 422]",[404],"[401, 403]"
tmdb_061,give me the homepage of the network that produced Game of Thrones,3,Step 1: GET /search/tv -> Step 2: GET /tv/{tv_id} -> Step 3: GET /network/{network_id},manual review required for first-step query/body constants,Step 1,GET /search/tv ,[2XX],Y,3,Step 1,$.results[0].id as tv_id,Step 1,Step 2,tv_id,all required steps executed and passed,"[400, 422]",[404],"[401, 403]"
tmdb_061,give me the homepage of the network that produced Game of Thrones,3,Step 1: GET /search/tv -> Step 2: GET /tv/{tv_id} -> Step 3: GET /network/{network_id},manual review required for first-step query/body constants,Step 2,GET /tv/{tv_id} ,[2XX],Y,3,Step 2,$.id as network_id,Step 2,Step 3,network_id,all required steps executed and passed,"[400, 422]",[404],"[401, 403]"
tmdb_061,give me the homepage of the network that produced Game of Thrones,3,Step 1: GET /search/tv -> Step 2: GET /tv/{tv_id} -> Step 3: GET /network/{network_id},manual review required for first-step query/body constants,Step 3,GET /network/{network_id},[2XX],Y,3,,,,,,all required steps executed and passed,"[400, 422]",[404],"[401, 403]"
tmdb_062,give me a keyword of the most popular TV show currently,2,Step 1: GET /tv/popular -> Step 2: GET /tv/{tv_id}/keywords,manual review required for first-step query/body constants,Step 1,GET /tv/popular ,[2XX],Y,2,Step 1,$.results[0].id as tv_id,Step 1,Step 2,tv_id,all required steps executed and passed,"[400, 422]",[404],"[401, 403]"
tmdb_062,give me a keyword of the most popular TV show currently,2,Step 1: GET /tv/popular -> Step 2: GET /tv/{tv_id}/keywords,manual review required for first-step query/body constants,Step 2,GET /tv/{tv_id}/keywords,[2XX],Y,2,,,,,,all required steps executed and passed,"[400, 422]",[404],"[401, 403]"
tmdb_063,Where is the headquarter of the company that produced currently the most popular TV show?,3,Step 1: GET /tv/popular -> Step 2: GET /tv/{tv_id} -> Step 3: GET /company/{company_id},manual review required for first-step query/body constants,Step 1,GET /tv/popular ,[2XX],Y,3,Step 1,$.results[0].id as tv_id,Step 1,Step 2,tv_id,all required steps executed and passed,"[400, 422]",[404],"[401, 403]"
tmdb_063,Where is the headquarter of the company that produced currently the most popular TV show?,3,Step 1: GET /tv/popular -> Step 2: GET /tv/{tv_id} -> Step 3: GET /company/{company_id},manual review required for first-step query/body constants,Step 2,GET /tv/{tv_id} ,[2XX],Y,3,Step 2,$.id as company_id,Step 2,Step 3,company_id,all required steps executed and passed,"[400, 422]",[404],"[401, 403]"
tmdb_063,Where is the headquarter of the company that produced currently the most popular TV show?,3,Step 1: GET /tv/popular -> Step 2: GET /tv/{tv_id} -> Step 3: GET /company/{company_id},manual review required for first-step query/body constants,Step 3,GET /company/{company_id},[2XX],Y,3,,,,,,all required steps executed and passed,"[400, 422]",[404],"[401, 403]"
tmdb_064,What is the genre of The Mandalorian?,2,Step 1: GET /search/tv -> Step 2: GET /tv/{tv_id},manual review required for first-step query/body constants,Step 1,GET /search/tv ,[2XX],Y,2,Step 1,$.results[0].id as tv_id,Step 1,Step 2,tv_id,all required steps executed and passed,"[400, 422]",[404],"[401, 403]"
tmdb_064,What is the genre of The Mandalorian?,2,Step 1: GET /search/tv -> Step 2: GET /tv/{tv_id},manual review required for first-step query/body constants,Step 2,GET /tv/{tv_id},[2XX],Y,2,,,,,,all required steps executed and passed,"[400, 422]",[404],"[401, 403]"
tmdb_065,When is the birthday of the lead actor of today's most trending TV show?,3,Step 1: GET /trending/{media_type}/{time_window} -> Step 2: GET /tv/{tv_id}/credits -> Step 3: GET /person/{person_id},"Step 1.media_type={'source': 'constant', 'value': 'movie'}; Step 1.time_window={'source': 'constant', 'value': 'day'}",Step 1,GET /trending/{media_type}/{time_window} ,[2XX],Y,3,Step 1,$.results[0].id as tv_id,Step 1,Step 2,tv_id,all required steps executed and passed,"[400, 422]",[404],"[401, 403]"
tmdb_065,When is the birthday of the lead actor of today's most trending TV show?,3,Step 1: GET /trending/{media_type}/{time_window} -> Step 2: GET /tv/{tv_id}/credits -> Step 3: GET /person/{person_id},"Step 1.media_type={'source': 'constant', 'value': 'movie'}; Step 1.time_window={'source': 'constant', 'value': 'day'}",Step 2,GET /tv/{tv_id}/credits ,[2XX],Y,3,Step 2,$.id as person_id,Step 2,Step 3,person_id,all required steps executed and passed,"[400, 422]",[404],"[401, 403]"
tmdb_065,When is the birthday of the lead actor of today's most trending TV show?,3,Step 1: GET /trending/{media_type}/{time_window} -> Step 2: GET /tv/{tv_id}/credits -> Step 3: GET /person/{person_id},"Step 1.media_type={'source': 'constant', 'value': 'movie'}; Step 1.time_window={'source': 'constant', 'value': 'day'}",Step 3,GET /person/{person_id},[2XX],Y,3,,,,,,all required steps executed and passed,"[400, 422]",[404],"[401, 403]"
tmdb_066,What is the homepage of the network that produced today's most trending TV show?,3,Step 1: GET /trending/{media_type}/{time_window} -> Step 2: GET /tv/{tv_id} -> Step 3: GET /network/{network_id},"Step 1.media_type={'source': 'constant', 'value': 'movie'}; Step 1.time_window={'source': 'constant', 'value': 'day'}",Step 1,GET /trending/{media_type}/{time_window} ,[2XX],Y,3,Step 1,$.results[0].id as tv_id,Step 1,Step 2,tv_id,all required steps executed and passed,"[400, 422]",[404],"[401, 403]"
tmdb_066,What is the homepage of the network that produced today's most trending TV show?,3,Step 1: GET /trending/{media_type}/{time_window} -> Step 2: GET /tv/{tv_id} -> Step 3: GET /network/{network_id},"Step 1.media_type={'source': 'constant', 'value': 'movie'}; Step 1.time_window={'source': 'constant', 'value': 'day'}",Step 2,GET /tv/{tv_id} ,[2XX],Y,3,Step 2,$.id as network_id,Step 2,Step 3,network_id,all required steps executed and passed,"[400, 422]",[404],"[401, 403]"
tmdb_066,What is the homepage of the network that produced today's most trending TV show?,3,Step 1: GET /trending/{media_type}/{time_window} -> Step 2: GET /tv/{tv_id} -> Step 3: GET /network/{network_id},"Step 1.media_type={'source': 'constant', 'value': 'movie'}; Step 1.time_window={'source': 'constant', 'value': 'day'}",Step 3,GET /network/{network_id},[2XX],Y,3,,,,,,all required steps executed and passed,"[400, 422]",[404],"[401, 403]"
tmdb_067,give me a review of today's most trending TV show,2,Step 1: GET /trending/{media_type}/{time_window} -> Step 2: GET /tv/{tv_id}/reviews,"Step 1.media_type={'source': 'constant', 'value': 'movie'}; Step 1.time_window={'source': 'constant', 'value': 'day'}",Step 1,GET /trending/{media_type}/{time_window} ,[2XX],Y,2,Step 1,$.results[0].id as tv_id,Step 1,Step 2,tv_id,all required steps executed and passed,"[400, 422]",[404],"[401, 403]"
tmdb_067,give me a review of today's most trending TV show,2,Step 1: GET /trending/{media_type}/{time_window} -> Step 2: GET /tv/{tv_id}/reviews,"Step 1.media_type={'source': 'constant', 'value': 'movie'}; Step 1.time_window={'source': 'constant', 'value': 'day'}",Step 2,GET /tv/{tv_id}/reviews,[2XX],Y,2,,,,,,all required steps executed and passed,"[400, 422]",[404],"[401, 403]"
tmdb_068,I prefer a TV show that similar to today's most trending TV show,2,Step 1: GET /trending/{media_type}/{time_window} -> Step 2: GET /tv/{tv_id}/similar,"Step 1.media_type={'source': 'constant', 'value': 'movie'}; Step 1.time_window={'source': 'constant', 'value': 'day'}",Step 1,GET /trending/{media_type}/{time_window} ,[2XX],Y,2,Step 1,$.results[0].id as tv_id,Step 1,Step 2,tv_id,all required steps executed and passed,"[400, 422]",[404],"[401, 403]"
tmdb_068,I prefer a TV show that similar to today's most trending TV show,2,Step 1: GET /trending/{media_type}/{time_window} -> Step 2: GET /tv/{tv_id}/similar,"Step 1.media_type={'source': 'constant', 'value': 'movie'}; Step 1.time_window={'source': 'constant', 'value': 'day'}",Step 2,GET /tv/{tv_id}/similar,[2XX],Y,2,,,,,,all required steps executed and passed,"[400, 422]",[404],"[401, 403]"
tmdb_069,I need a poster of today's most trending TV show,2,Step 1: GET /trending/{media_type}/{time_window} -> Step 2: GET /tv/{tv_id}/images,"Step 1.media_type={'source': 'constant', 'value': 'movie'}; Step 1.time_window={'source': 'constant', 'value': 'day'}",Step 1,GET /trending/{media_type}/{time_window} ,[2XX],Y,2,Step 1,$.results[0].id as tv_id,Step 1,Step 2,tv_id,all required steps executed and passed,"[400, 422]",[404],"[401, 403]"
tmdb_069,I need a poster of today's most trending TV show,2,Step 1: GET /trending/{media_type}/{time_window} -> Step 2: GET /tv/{tv_id}/images,"Step 1.media_type={'source': 'constant', 'value': 'movie'}; Step 1.time_window={'source': 'constant', 'value': 'day'}",Step 2,GET /tv/{tv_id}/images,[2XX],Y,2,,,,,,all required steps executed and passed,"[400, 422]",[404],"[401, 403]"
tmdb_070,Who has worked with Jeremy Clarkson in his most popular TV show?,3,Step 1: GET /search/person -> Step 2: GET /person/{person_id}/tv_credits -> Step 3: GET /tv/{tv_id}/credits,manual review required for first-step query/body constants,Step 1,GET /search/person ,[2XX],Y,3,Step 1,$.results[0].id as person_id,Step 1,Step 2,person_id,all required steps executed and passed,"[400, 422]",[404],"[401, 403]"
tmdb_070,Who has worked with Jeremy Clarkson in his most popular TV show?,3,Step 1: GET /search/person -> Step 2: GET /person/{person_id}/tv_credits -> Step 3: GET /tv/{tv_id}/credits,manual review required for first-step query/body constants,Step 2,GET /person/{person_id}/tv_credits ,[2XX],Y,3,Step 2,$.id as tv_id,Step 2,Step 3,tv_id,all required steps executed and passed,"[400, 422]",[404],"[401, 403]"
tmdb_070,Who has worked with Jeremy Clarkson in his most popular TV show?,3,Step 1: GET /search/person -> Step 2: GET /person/{person_id}/tv_credits -> Step 3: GET /tv/{tv_id}/credits,manual review required for first-step query/body constants,Step 3,GET /tv/{tv_id}/credits,[2XX],Y,3,,,,,,all required steps executed and passed,"[400, 422]",[404],"[401, 403]"
tmdb_071,What does the lead actor of the first episode of second season of Black Mirror look like?,3,Step 1: GET /search/tv -> Step 2: GET /tv/{tv_id}/credits -> Step 3: GET /person/{person_id}/images,manual review required for first-step query/body constants,Step 1,GET /search/tv ,[2XX],Y,3,Step 1,$.results[0].id as tv_id,Step 1,Step 2,tv_id,all required steps executed and passed,"[400, 422]",[404],"[401, 403]"
tmdb_071,What does the lead actor of the first episode of second season of Black Mirror look like?,3,Step 1: GET /search/tv -> Step 2: GET /tv/{tv_id}/credits -> Step 3: GET /person/{person_id}/images,manual review required for first-step query/body constants,Step 2,GET /tv/{tv_id}/credits ,[2XX],Y,3,Step 2,$.id as person_id,Step 2,Step 3,person_id,all required steps executed and passed,"[400, 422]",[404],"[401, 403]"
tmdb_071,What does the lead actor of the first episode of second season of Black Mirror look like?,3,Step 1: GET /search/tv -> Step 2: GET /tv/{tv_id}/credits -> Step 3: GET /person/{person_id}/images,manual review required for first-step query/body constants,Step 3,GET /person/{person_id}/images,[2XX],Y,3,,,,,,all required steps executed and passed,"[400, 422]",[404],"[401, 403]"
tmdb_072,When is the lead actor of The Mandalorian born?,3,Step 1: GET /search/tv -> Step 2: GET /tv/{tv_id}/credits -> Step 3: GET /person/{person_id},manual review required for first-step query/body constants,Step 1,GET /search/tv ,[2XX],Y,3,Step 1,$.results[0].id as tv_id,Step 1,Step 2,tv_id,all required steps executed and passed,"[400, 422]",[404],"[401, 403]"
tmdb_072,When is the lead actor of The Mandalorian born?,3,Step 1: GET /search/tv -> Step 2: GET /tv/{tv_id}/credits -> Step 3: GET /person/{person_id},manual review required for first-step query/body constants,Step 2,GET /tv/{tv_id}/credits ,[2XX],Y,3,Step 2,$.id as person_id,Step 2,Step 3,person_id,all required steps executed and passed,"[400, 422]",[404],"[401, 403]"
tmdb_072,When is the lead actor of The Mandalorian born?,3,Step 1: GET /search/tv -> Step 2: GET /tv/{tv_id}/credits -> Step 3: GET /person/{person_id},manual review required for first-step query/body constants,Step 3,GET /person/{person_id},[2XX],Y,3,,,,,,all required steps executed and passed,"[400, 422]",[404],"[401, 403]"
tmdb_073,Who is the lead actor of today's most popular TV show?,2,Step 1: GET /tv/popular -> Step 2: GET /tv/{tv_id}/credits,manual review required for first-step query/body constants,Step 1,GET /tv/popular ,[2XX],Y,2,Step 1,$.results[0].id as tv_id,Step 1,Step 2,tv_id,all required steps executed and passed,"[400, 422]",[404],"[401, 403]"
tmdb_073,Who is the lead actor of today's most popular TV show?,2,Step 1: GET /tv/popular -> Step 2: GET /tv/{tv_id}/credits,manual review required for first-step query/body constants,Step 2,GET /tv/{tv_id}/credits,[2XX],Y,2,,,,,,all required steps executed and passed,"[400, 422]",[404],"[401, 403]"
tmdb_074,give me a photo of the lead actor of the most popular TV show of this week,3,Step 1: GET /tv/popular -> Step 2: GET /tv/{tv_id}/credits -> Step 3: GET /person/{person_id}/images,manual review required for first-step query/body constants,Step 1,GET /tv/popular ,[2XX],Y,3,Step 1,$.results[0].id as tv_id,Step 1,Step 2,tv_id,all required steps executed and passed,"[400, 422]",[404],"[401, 403]"
tmdb_074,give me a photo of the lead actor of the most popular TV show of this week,3,Step 1: GET /tv/popular -> Step 2: GET /tv/{tv_id}/credits -> Step 3: GET /person/{person_id}/images,manual review required for first-step query/body constants,Step 2,GET /tv/{tv_id}/credits ,[2XX],Y,3,Step 2,$.id as person_id,Step 2,Step 3,person_id,all required steps executed and passed,"[400, 422]",[404],"[401, 403]"
tmdb_074,give me a photo of the lead actor of the most popular TV show of this week,3,Step 1: GET /tv/popular -> Step 2: GET /tv/{tv_id}/credits -> Step 3: GET /person/{person_id}/images,manual review required for first-step query/body constants,Step 3,GET /person/{person_id}/images,[2XX],Y,3,,,,,,all required steps executed and passed,"[400, 422]",[404],"[401, 403]"
tmdb_075,give me some reviews of Cate Blanchett's latest TV show,3,Step 1: GET /search/person -> Step 2: GET /person/{person_id}/tv_credits -> Step 3: GET /tv/{tv_id}/reviews,manual review required for first-step query/body constants,Step 1,GET /search/person ,[2XX],Y,3,Step 1,$.results[0].id as person_id,Step 1,Step 2,person_id,all required steps executed and passed,"[400, 422]",[404],"[401, 403]"
tmdb_075,give me some reviews of Cate Blanchett's latest TV show,3,Step 1: GET /search/person -> Step 2: GET /person/{person_id}/tv_credits -> Step 3: GET /tv/{tv_id}/reviews,manual review required for first-step query/body constants,Step 2,GET /person/{person_id}/tv_credits ,[2XX],Y,3,Step 2,$.id as tv_id,Step 2,Step 3,tv_id,all required steps executed and passed,"[400, 422]",[404],"[401, 403]"
tmdb_075,give me some reviews of Cate Blanchett's latest TV show,3,Step 1: GET /search/person -> Step 2: GET /person/{person_id}/tv_credits -> Step 3: GET /tv/{tv_id}/reviews,manual review required for first-step query/body constants,Step 3,GET /tv/{tv_id}/reviews,[2XX],Y,3,,,,,,all required steps executed and passed,"[400, 422]",[404],"[401, 403]"
tmdb_076,What is David Schwimmer's most popular TV show?,2,Step 1: GET /search/person -> Step 2: GET /person/{person_id}/tv_credits,manual review required for first-step query/body constants,Step 1,GET /search/person ,[2XX],Y,2,Step 1,$.results[0].id as person_id,Step 1,Step 2,person_id,all required steps executed and passed,"[400, 422]",[404],"[401, 403]"
tmdb_076,What is David Schwimmer's most popular TV show?,2,Step 1: GET /search/person -> Step 2: GET /person/{person_id}/tv_credits,manual review required for first-step query/body constants,Step 2,GET /person/{person_id}/tv_credits,[2XX],Y,2,,,,,,all required steps executed and passed,"[400, 422]",[404],"[401, 403]"
tmdb_077,Who directed the third episode of the second season of Black Mirror?,2,Step 1: GET /search/tv -> Step 2: GET /tv/{tv_id}/season/{season_number}/credits,manual review required for first-step query/body constants,Step 1,GET /search/tv ,[2XX],Y,2,Step 1,"$.results[0].id as tv_id, $.results[0].id as season_number",Step 1,Step 2,"tv_id, season_number ",all required steps executed and passed,"[400, 422]",[404],"[401, 403]"
tmdb_077,Who directed the third episode of the second season of Black Mirror?,2,Step 1: GET /search/tv -> Step 2: GET /tv/{tv_id}/season/{season_number}/credits,manual review required for first-step query/body constants,Step 2,GET /tv/{tv_id}/season/{season_number}/credits,[2XX],Y,2,,,,,,all required steps executed and passed,"[400, 422]",[404],"[401, 403]"
tmdb_078,give me some movies that Christopher Nolan known for,1,Step 1: GET /search/person,manual review required for first-step query/body constants,Step 1,GET /search/person,[2XX],Y,1,,,,,,all required steps executed and passed,"[400, 422]",[404],"[401, 403]"
tmdb_079,"Avatar versus Avatar: The Way of Water, which has a higher rating",2,Step 1: GET /search/movie -> Step 2: GET /search/movie,manual review required for first-step query/body constants,Step 1,GET /search/movie ,[2XX],Y,2,,,,,,all required steps executed and passed,"[400, 422]",[404],"[401, 403]"
tmdb_079,"Avatar versus Avatar: The Way of Water, which has a higher rating",2,Step 1: GET /search/movie -> Step 2: GET /search/movie,manual review required for first-step query/body constants,Step 2,GET /search/movie,[2XX],Y,2,,,,,,all required steps executed and passed,"[400, 422]",[404],"[401, 403]"
tmdb_080,Show me some English movies rating no less than 7.0 and no earlier than 2021,1,Step 1: GET /discover/movie,manual review required for first-step query/body constants,Step 1,GET /discover/movie,[2XX],Y,1,,,,,,all required steps executed and passed,"[400, 422]",[404],"[401, 403]"
tmdb_081,What is the genre of the movie Lord of the Ring?,2,Step 1: GET /search/movie -> Step 2: GET /movie/{movie_id},manual review required for first-step query/body constants,Step 1,GET /search/movie ,[2XX],Y,2,Step 1,$.results[0].id as movie_id,Step 1,Step 2,movie_id,all required steps executed and passed,"[400, 422]",[404],"[401, 403]"
tmdb_081,What is the genre of the movie Lord of the Ring?,2,Step 1: GET /search/movie -> Step 2: GET /movie/{movie_id},manual review required for first-step query/body constants,Step 2,GET /movie/{movie_id},[2XX],Y,2,,,,,,all required steps executed and passed,"[400, 422]",[404],"[401, 403]"
tmdb_082,What is the birthday of the most popular person right now?,2,Step 1: GET /person/popular -> Step 2: GET /person/{person_id},manual review required for first-step query/body constants,Step 1,GET /person/popular ,[2XX],Y,2,Step 1,$.results[0].id as person_id,Step 1,Step 2,person_id,all required steps executed and passed,"[400, 422]",[404],"[401, 403]"
tmdb_082,What is the birthday of the most popular person right now?,2,Step 1: GET /person/popular -> Step 2: GET /person/{person_id},manual review required for first-step query/body constants,Step 2,GET /person/{person_id},[2XX],Y,2,,,,,,all required steps executed and passed,"[400, 422]",[404],"[401, 403]"
tmdb_083,give me a poster of the second season of Big Bang Theory,2,Step 1: GET /search/tv -> Step 2: GET /tv/{tv_id}/season/{season_number}/images,manual review required for first-step query/body constants,Step 1,GET /search/tv ,[2XX],Y,2,Step 1,"$.results[0].id as tv_id, $.results[0].id as season_number",Step 1,Step 2,"tv_id, season_number ",all required steps executed and passed,"[400, 422]",[404],"[401, 403]"
tmdb_083,give me a poster of the second season of Big Bang Theory,2,Step 1: GET /search/tv -> Step 2: GET /tv/{tv_id}/season/{season_number}/images,manual review required for first-step query/body constants,Step 2,GET /tv/{tv_id}/season/{season_number}/images,[2XX],Y,2,,,,,,all required steps executed and passed,"[400, 422]",[404],"[401, 403]"
tmdb_084,What is the name of the third episod of the second season of Mandalorian?,2,Step 1: GET /search/tv -> Step 2: GET /tv/{tv_id}/season/{season_number}/episode/{episode_number},manual review required for first-step query/body constants,Step 1,GET /search/tv ,[2XX],Y,2,Step 1,"$.results[0].id as tv_id, $.results[0].id as season_number, $.results[0].id as episode_number",Step 1,Step 2,"tv_id, season_number, episode_number",all required steps executed and passed,"[400, 422]",[404],"[401, 403]"
tmdb_084,What is the name of the third episod of the second season of Mandalorian?,2,Step 1: GET /search/tv -> Step 2: GET /tv/{tv_id}/season/{season_number}/episode/{episode_number},manual review required for first-step query/body constants,Step 2,GET /tv/{tv_id}/season/{season_number}/episode/{episode_number},[2XX],Y,2,,,,,,all required steps executed and passed,"[400, 422]",[404],"[401, 403]"
tmdb_085,When is the bitrhday of the lead actor of the movie The Shawshank Redemptionn?,3,Step 1: GET /search/movie -> Step 2: GET /movie/{movie_id}/credits -> Step 3: GET /person/{person_id},manual review required for first-step query/body constants,Step 1,GET /search/movie ,[2XX],Y,3,Step 1,$.results[0].id as movie_id,Step 1,Step 2,movie_id,all required steps executed and passed,"[400, 422]",[404],"[401, 403]"
tmdb_085,When is the bitrhday of the lead actor of the movie The Shawshank Redemptionn?,3,Step 1: GET /search/movie -> Step 2: GET /movie/{movie_id}/credits -> Step 3: GET /person/{person_id},manual review required for first-step query/body constants,Step 2,GET /movie/{movie_id}/credits ,[2XX],Y,3,Step 2,$.id as person_id,Step 2,Step 3,person_id,all required steps executed and passed,"[400, 422]",[404],"[401, 403]"
tmdb_085,When is the bitrhday of the lead actor of the movie The Shawshank Redemptionn?,3,Step 1: GET /search/movie -> Step 2: GET /movie/{movie_id}/credits -> Step 3: GET /person/{person_id},manual review required for first-step query/body constants,Step 3,GET /person/{person_id},[2XX],Y,3,,,,,,all required steps executed and passed,"[400, 422]",[404],"[401, 403]"
tmdb_086,When is the birthday of the director of the movie The Shawshank Redemption?,3,Step 1: GET /search/movie -> Step 2: GET /movie/{movie_id}/credits -> Step 3: GET /person/{person_id},manual review required for first-step query/body constants,Step 1,GET /search/movie ,[2XX],Y,3,Step 1,$.results[0].id as movie_id,Step 1,Step 2,movie_id,all required steps executed and passed,"[400, 422]",[404],"[401, 403]"
tmdb_086,When is the birthday of the director of the movie The Shawshank Redemption?,3,Step 1: GET /search/movie -> Step 2: GET /movie/{movie_id}/credits -> Step 3: GET /person/{person_id},manual review required for first-step query/body constants,Step 2,GET /movie/{movie_id}/credits ,[2XX],Y,3,Step 2,$.id as person_id,Step 2,Step 3,person_id,all required steps executed and passed,"[400, 422]",[404],"[401, 403]"
tmdb_086,When is the birthday of the director of the movie The Shawshank Redemption?,3,Step 1: GET /search/movie -> Step 2: GET /movie/{movie_id}/credits -> Step 3: GET /person/{person_id},manual review required for first-step query/body constants,Step 3,GET /person/{person_id},[2XX],Y,3,,,,,,all required steps executed and passed,"[400, 422]",[404],"[401, 403]"
tmdb_087,Where is the headquarter of the company that created the movie The Shawshank Redemption?,3,Step 1: GET /search/movie -> Step 2: GET /movie/{movie_id} -> Step 3: GET /company/{company_id},manual review required for first-step query/body constants,Step 1,GET /search/movie ,[2XX],Y,3,Step 1,$.results[0].id as movie_id,Step 1,Step 2,movie_id,all required steps executed and passed,"[400, 422]",[404],"[401, 403]"
tmdb_087,Where is the headquarter of the company that created the movie The Shawshank Redemption?,3,Step 1: GET /search/movie -> Step 2: GET /movie/{movie_id} -> Step 3: GET /company/{company_id},manual review required for first-step query/body constants,Step 2,GET /movie/{movie_id} ,[2XX],Y,3,Step 2,$.id as company_id,Step 2,Step 3,company_id,all required steps executed and passed,"[400, 422]",[404],"[401, 403]"
tmdb_087,Where is the headquarter of the company that created the movie The Shawshank Redemption?,3,Step 1: GET /search/movie -> Step 2: GET /movie/{movie_id} -> Step 3: GET /company/{company_id},manual review required for first-step query/body constants,Step 3,GET /company/{company_id},[2XX],Y,3,,,,,,all required steps executed and passed,"[400, 422]",[404],"[401, 403]"
tmdb_088,Where is the headquarter of the company that created the collection Star Wars?,3,Step 1: GET /search/collection -> Step 2: GET /collection/{collection_id} -> Step 3: GET /company/{company_id},manual review required for first-step query/body constants,Step 1,GET /search/collection ,[2XX],Y,3,Step 1,$.results[0].id as collection_id,Step 1,Step 2,collection_id,all required steps executed and passed,"[400, 422]",[404],"[401, 403]"
tmdb_088,Where is the headquarter of the company that created the collection Star Wars?,3,Step 1: GET /search/collection -> Step 2: GET /collection/{collection_id} -> Step 3: GET /company/{company_id},manual review required for first-step query/body constants,Step 2,GET /collection/{collection_id} ,[2XX],Y,3,Step 2,$.id as company_id,Step 2,Step 3,company_id,all required steps executed and passed,"[400, 422]",[404],"[401, 403]"
tmdb_088,Where is the headquarter of the company that created the collection Star Wars?,3,Step 1: GET /search/collection -> Step 2: GET /collection/{collection_id} -> Step 3: GET /company/{company_id},manual review required for first-step query/body constants,Step 3,GET /company/{company_id},[2XX],Y,3,,,,,,all required steps executed and passed,"[400, 422]",[404],"[401, 403]"
tmdb_089,"Who has an earlier release date, The Double Life of Veronique or Mulholland Drive?",2,Step 1: GET /search/movie -> Step 2: GET /movie/{movie_id},manual review required for first-step query/body constants,Step 1,GET /search/movie ,[2XX],Y,2,Step 1,$.results[0].id as movie_id,Step 1,Step 2,movie_id,all required steps executed and passed,"[400, 422]",[404],"[401, 403]"
tmdb_089,"Who has an earlier release date, The Double Life of Veronique or Mulholland Drive?",2,Step 1: GET /search/movie -> Step 2: GET /movie/{movie_id},manual review required for first-step query/body constants,Step 2,GET /movie/{movie_id},[2XX],Y,2,,,,,,all required steps executed and passed,"[400, 422]",[404],"[401, 403]"
tmdb_090,Is the director of Twin Peaks Season 1 and Mulholland Drive the same person?,4,Step 1: GET /search/tv -> Step 2: GET /search/movie -> Step 3: GET /movie/{movie_id}/credits -> Step 4: GET /tv/{tv_id}/season/{season_number}/credits,manual review required for first-step query/body constants,Step 1,GET /search/tv ,[2XX],Y,4,,,,,,all required steps executed and passed,"[400, 422]",[404],"[401, 403]"
tmdb_090,Is the director of Twin Peaks Season 1 and Mulholland Drive the same person?,4,Step 1: GET /search/tv -> Step 2: GET /search/movie -> Step 3: GET /movie/{movie_id}/credits -> Step 4: GET /tv/{tv_id}/season/{season_number}/credits,manual review required for first-step query/body constants,Step 2,GET /search/movie ,[2XX],Y,4,Step 2,$.results[0].id as movie_id,Step 2,Step 3,movie_id,all required steps executed and passed,"[400, 422]",[404],"[401, 403]"
tmdb_090,Is the director of Twin Peaks Season 1 and Mulholland Drive the same person?,4,Step 1: GET /search/tv -> Step 2: GET /search/movie -> Step 3: GET /movie/{movie_id}/credits -> Step 4: GET /tv/{tv_id}/season/{season_number}/credits,manual review required for first-step query/body constants,Step 3,GET /movie/{movie_id}/credits ,[2XX],Y,4,Step 3,"$.id as tv_id, TODO_JSONPATH_FOR_SEASON_NUMBER as season_number",Step 3,Step 4,"tv_id, season_number",all required steps executed and passed,"[400, 422]",[404],"[401, 403]"
tmdb_090,Is the director of Twin Peaks Season 1 and Mulholland Drive the same person?,4,Step 1: GET /search/tv -> Step 2: GET /search/movie -> Step 3: GET /movie/{movie_id}/credits -> Step 4: GET /tv/{tv_id}/season/{season_number}/credits,manual review required for first-step query/body constants,Step 4,GET /tv/{tv_id}/season/{season_number}/credits,[2XX],Y,4,,,Step 2,Step 3,movie_id,all required steps executed and passed,"[400, 422]",[404],"[401, 403]"
tmdb_091,Where was the director of Mulholland Drive born?,3,Step 1: GET /search/movie -> Step 2: GET /movie/{movie_id}/credits -> Step 3: GET /person/{person_id},manual review required for first-step query/body constants,Step 1,GET /search/movie ,[2XX],Y,3,Step 1,$.results[0].id as movie_id,Step 1,Step 2,movie_id,all required steps executed and passed,"[400, 422]",[404],"[401, 403]"
tmdb_091,Where was the director of Mulholland Drive born?,3,Step 1: GET /search/movie -> Step 2: GET /movie/{movie_id}/credits -> Step 3: GET /person/{person_id},manual review required for first-step query/body constants,Step 2,GET /movie/{movie_id}/credits ,[2XX],Y,3,Step 2,$.id as person_id,Step 2,Step 3,person_id,all required steps executed and passed,"[400, 422]",[404],"[401, 403]"
tmdb_091,Where was the director of Mulholland Drive born?,3,Step 1: GET /search/movie -> Step 2: GET /movie/{movie_id}/credits -> Step 3: GET /person/{person_id},manual review required for first-step query/body constants,Step 3,GET /person/{person_id},[2XX],Y,3,,,,,,all required steps executed and passed,"[400, 422]",[404],"[401, 403]"
tmdb_092,Is Mulholland Drive in the Top-10 rated list of the TMDB?,2,Step 1: GET /search/movie -> Step 2: GET /movie/top_rated,manual review required for first-step query/body constants,Step 1,GET /search/movie ,[2XX],Y,2,,,,,,all required steps executed and passed,"[400, 422]",[404],"[401, 403]"
tmdb_092,Is Mulholland Drive in the Top-10 rated list of the TMDB?,2,Step 1: GET /search/movie -> Step 2: GET /movie/top_rated,manual review required for first-step query/body constants,Step 2,GET /movie/top_rated,[2XX],Y,2,,,,,,all required steps executed and passed,"[400, 422]",[404],"[401, 403]"
tmdb_093,"Who directed more movies, Akira Kurosawa or Spielberg?",2,Step 1: GET /search/person -> Step 2: GET /person/{person_id}/movie_credits,manual review required for first-step query/body constants,Step 1,GET /search/person ,[2XX],Y,2,Step 1,$.results[0].id as person_id,Step 1,Step 2,person_id,all required steps executed and passed,"[400, 422]",[404],"[401, 403]"
tmdb_093,"Who directed more movies, Akira Kurosawa or Spielberg?",2,Step 1: GET /search/person -> Step 2: GET /person/{person_id}/movie_credits,manual review required for first-step query/body constants,Step 2,GET /person/{person_id}/movie_credits,[2XX],Y,2,,,,,,all required steps executed and passed,"[400, 422]",[404],"[401, 403]"
tmdb_094,What TV series has the director of Mulholland Drive directed?,2,Step 1: GET /search/movie -> Step 2: GET /person/{person_id}/tv_credits,manual review required for first-step query/body constants,Step 1,GET /search/movie ,[2XX],Y,2,Step 1,$.results[0].id as person_id,Step 1,Step 2,person_id,all required steps executed and passed,"[400, 422]",[404],"[401, 403]"
tmdb_094,What TV series has the director of Mulholland Drive directed?,2,Step 1: GET /search/movie -> Step 2: GET /person/{person_id}/tv_credits,manual review required for first-step query/body constants,Step 2,GET /person/{person_id}/tv_credits,[2XX],Y,2,,,,,,all required steps executed and passed,"[400, 422]",[404],"[401, 403]"
tmdb_095,Tell me about actor Scarlett Johansson's birthday,2,Step 1: GET /search/person -> Step 2: GET /person/{person_id},manual review required for first-step query/body constants,Step 1,GET /search/person ,[2XX],Y,2,Step 1,$.results[0].id as person_id,Step 1,Step 2,person_id,all required steps executed and passed,"[400, 422]",[404],"[401, 403]"
tmdb_095,Tell me about actor Scarlett Johansson's birthday,2,Step 1: GET /search/person -> Step 2: GET /person/{person_id},manual review required for first-step query/body constants,Step 2,GET /person/{person_id},[2XX],Y,2,,,,,,all required steps executed and passed,"[400, 422]",[404],"[401, 403]"
tmdb_096,How many seasons of Sword Art Online are there?,2,Step 1: GET /search/tv -> Step 2: GET /tv/{tv_id},manual review required for first-step query/body constants,Step 1,GET /search/tv ,[2XX],Y,2,Step 1,$.results[0].id as tv_id,Step 1,Step 2,tv_id,all required steps executed and passed,"[400, 422]",[404],"[401, 403]"
tmdb_096,How many seasons of Sword Art Online are there?,2,Step 1: GET /search/tv -> Step 2: GET /tv/{tv_id},manual review required for first-step query/body constants,Step 2,GET /tv/{tv_id},[2XX],Y,2,,,,,,all required steps executed and passed,"[400, 422]",[404],"[401, 403]"
tmdb_097,Are Yui Aragaki and Gen Hoshino co-starring in We Married as Job?,2,Step 1: GET /search/movie -> Step 2: GET /movie/{movie_id}/credits,manual review required for first-step query/body constants,Step 1,GET /search/movie ,[2XX],Y,2,Step 1,$.results[0].id as movie_id,Step 1,Step 2,movie_id,all required steps executed and passed,"[400, 422]",[404],"[401, 403]"
tmdb_097,Are Yui Aragaki and Gen Hoshino co-starring in We Married as Job?,2,Step 1: GET /search/movie -> Step 2: GET /movie/{movie_id}/credits,manual review required for first-step query/body constants,Step 2,GET /movie/{movie_id}/credits,[2XX],Y,2,,,,,,all required steps executed and passed,"[400, 422]",[404],"[401, 403]"
tmdb_098,"Who is older, by how many years, the director of film Barbie or the lead actor of television DEATH NOTE?",4,Step 1: GET /search/movie -> Step 2: GET /movie/{movie_id}/credits -> Step 3: GET /search/tv -> Step 4: GET /tv/{tv_id}/credits,manual review required for first-step query/body constants,Step 1,GET /search/movie ,[2XX],Y,4,Step 1,$.results[0].id as movie_id,Step 1,Step 2,movie_id,all required steps executed and passed,"[400, 422]",[404],"[401, 403]"
tmdb_098,"Who is older, by how many years, the director of film Barbie or the lead actor of television DEATH NOTE?",4,Step 1: GET /search/movie -> Step 2: GET /movie/{movie_id}/credits -> Step 3: GET /search/tv -> Step 4: GET /tv/{tv_id}/credits,manual review required for first-step query/body constants,Step 2,GET /movie/{movie_id}/credits ,[2XX],Y,4,,,,,,all required steps executed and passed,"[400, 422]",[404],"[401, 403]"
tmdb_098,"Who is older, by how many years, the director of film Barbie or the lead actor of television DEATH NOTE?",4,Step 1: GET /search/movie -> Step 2: GET /movie/{movie_id}/credits -> Step 3: GET /search/tv -> Step 4: GET /tv/{tv_id}/credits,manual review required for first-step query/body constants,Step 3,GET /search/tv ,[2XX],Y,4,Step 3,$.results[0].id as tv_id,Step 3,Step 4,tv_id,all required steps executed and passed,"[400, 422]",[404],"[401, 403]"
tmdb_098,"Who is older, by how many years, the director of film Barbie or the lead actor of television DEATH NOTE?",4,Step 1: GET /search/movie -> Step 2: GET /movie/{movie_id}/credits -> Step 3: GET /search/tv -> Step 4: GET /tv/{tv_id}/credits,manual review required for first-step query/body constants,Step 4,GET /tv/{tv_id}/credits,[2XX],Y,4,,,Step 1,Step 2,movie_id,all required steps executed and passed,"[400, 422]",[404],"[401, 403]"
tmdb_099,Tell me about Katherine LaNasa's latest movie appearance.,2,Step 1: GET /search/person -> Step 2: GET /person/{movie_id}/movie_credits,manual review required for first-step query/body constants,Step 1,GET /search/person ,[2XX],Y,2,Step 1,$.results[0].id as movie_id,Step 1,Step 2,movie_id,all required steps executed and passed,"[400, 422]",[404],"[401, 403]"
tmdb_099,Tell me about Katherine LaNasa's latest movie appearance.,2,Step 1: GET /search/person -> Step 2: GET /person/{movie_id}/movie_credits,manual review required for first-step query/body constants,Step 2,GET /person/{movie_id}/movie_credits,[2XX],Y,2,,,,,,all required steps executed and passed,"[400, 422]",[404],"[401, 403]"
tmdb_100,Give me one cover image of the movie Oppenheimer.,2,Step 1: GET /search/movie -> Step 2: GET /movie/{movie_id}/images,manual review required for first-step query/body constants,Step 1,GET /search/movie ,[2XX],Y,2,Step 1,$.results[0].id as movie_id,Step 1,Step 2,movie_id,all required steps executed and passed,"[400, 422]",[404],"[401, 403]"
tmdb_100,Give me one cover image of the movie Oppenheimer.,2,Step 1: GET /search/movie -> Step 2: GET /movie/{movie_id}/images,manual review required for first-step query/body constants,Step 2,GET /movie/{movie_id}/images,[2XX],Y,2,,,,,,all required steps executed and passed,"[400, 422]",[404],"[401, 403]"